Part number,description,manufacturer,quantity,category
EF6809P,CPU,Motorola,2,
HD63C09RP,CPU,Hitachi,9,
MH8080A,CPU,Tesla,4,
P8085AH,CPU,Intel,1,
SYU6502,CPU,Sylvania,2,
TMP8085AP-2,CPU,Toshiba,4,
MC6809P,CPU,Motorola,2,
MC68B50P,Asynchronous Communications Interface Adapter,Motorola,10,
SC67475P,Memory Management Unit,Motorola,6,MC6829P
D8087-1,Floating-point coprocessor,Intel,1,
AS6C62256-55PIN,"SRAM, 256Kb, 32K x 8, 2.7 5.5V, 28pin 600 mil PDIP, 55ns",Alliance Memory,10,
AS6C6264-55PCN,"SRAM 64K, 2.7-5.5V, 55ns 8K x 8 Asynch",Alliance Memory,6,
23K640-I/P,SRAM 64K 8K X 8 2.7V SERIAL SRAM IND,Microchip,25,
24AA02/P,EEPROM 256x8 - 1.8V,Microchip,30,
AT28C64B-15PU,EEPROM 64K 8K x 8 150 ns 4.5V-5.5V,Microchip,10,
AT28C256-15PU,EEPROM 256K 32K x 8 150 ns 4.5V-5.5V,Microchip,5,
M27C128-10F1,EPROM 128K 16K x 8 CMOS,Fairchild,40,
M2716-FI,EPROM 16K 2K x 8,ST-Fairchild,9,
M2732A,EPROM 32K 4K x 8,SSS,30,
D0808-42,DIP-08-WW,Harwin,13
D0814-42,DIP-14-WW,Harwin,30
D0816-42,DIP-16-WW,Harwin,36
D0818-42,DIP-18-WW,Harwin,8
123-93-320-41-001000,DIP-20-WW,Mill-Max,5
123-43-624-41-801000,DIP-24-WW,Mill-Max,13
123-47-628-41-001000,DIP-28-WW,Mill-Max,8
123-47-640-41-001000,DIP-40-WW,Mill-Max,9
123-47-648-41-001000,DIP-48-WW,Mill-Max,1
2N2222A,"Bipolar Transistors - BJT BJT, TO-92, 40V, 600mA, NPN",Diotec,100,TO-92-3
2N222AJ,Bipolar Transistors - BJT 40V 800mA 500mW Small-Signal,Microchip,10,TO-18-3
1N4148,Small Signal Switching Diodes 100V Io/200mA,onsemi,100,
1N5819,"Schottky Diodes & Rectifiers Schottky, DO-15, 40V, 1A",Diotec,100,
251-05000,Crystals 5 MHz Crystal 20 pF HC-49/US,Parallax,10
ATS16B-E,Crystals 16MHz 18pF 30ppm -40C 85C,CTS,5,
ECS-100AX-018,Standard Clock Oscillators DIP-14 5V 1.8432MHz,ECS,5,
485-1713,MAX9814,Adafruit,6
101110,CdS Photoresistor,Soldered,30
NE555P,Timers & Support Products Precision,TI,10,
TLC555CP,Timers & Support Products CMOS,TI,10,
TLC556CN,Timers & Support Products Dual CMOS,TI,5,
ATMEGA328P-PU,8-bit Microcontrollers - MCU 32KB In-system Flash 20MHz 1.8V-5.5V,Microchip,10,
CD4017BE,Counter ICs 10 Decade/Divider,TI,51,
CD40174BE,Flip-Flops Hex,TI,50,
CD74HC4051E,Multiplexer Switch ICs High Spd CMOS Analog,TI,10,
KA358,Operational Amplifiers - Op Amps Dual Op Amp 3-32V 2mA; 84dB,onsemi,630,
LM1117T,LDO Voltage Regulators 800mA LDO Linear Reg 2.5V,TI,10,TO-220-3
LM319N,Analog Comparators Hi Speed Dual Comparator,TI,10,
LM324AN,Operational Amplifiers - Op Amps Quad General,TI,25,
LM336Z,Voltage References Voltage reference diode 2.49V,TI,17,TO-92-3
LM339AN,Analog Comparators Quad Diff,TI,25,
LM380N,Audio Amplifiers 2.5W AUDIO POWER AMP,TI,10,
LM3900N,Operational Amplifiers - Op Amps Quad,TI,20,
LM555CN,Timers & Support Products TIMER,TI,25,
LM567CN,Communication ICs - Various Tone Decoder,TI,10,
LM6134BIN,Operational Amplifiers - Op Amps 10Mhz 350Ua Sply Cur Quad Amp,TI,10,
MCP3008,8-Channel 10-Bit ADC With SPI Interface,Adafruit,6,
OPA551PA,Operational Amplifiers - Op Amps High-Volt High-Crnt Oper Amplifier,TI,10,
SN74LS00N,Logic Gates Quad 2-In Pos NAND,TI,60
SN74LS02N,Logic Gates Quad 2-Input,TI,50,
SN74LS04N,Inverters Hex Inv w/HV Output,TI,60
SN7406N,Buffers & Line Drivers Hex Inv w/HV Output,TI,30,
SN7407N,Buffers & Line Drivers Hex w/ HV Output,TI,10,
SN74LS08N,Logic Gates Quad 2-Input,TI,10,
SN74LS10N,Logic Gates Triple 3-Input,TI,30,
SN74LS14N,Inverters Hex Schmitt-Trigger,TI,20,
SN74LS20N,Logic Gates Dual 4-Input,TI,10,
SN74LS32N,Logic Gates Quad 2-Input,TI,10,
SN74LS42N,"Encoders, Decoders, Multiplexers & Demultiplexers 4 to 10 BCD",TI,10,
SN74LS73AN,Flip-Flops Dual J-K Flip-Flops with Clear,TI,10,
SN74LS74AN,Flip-Flops Dual,TI,10,
SN74LS75N,Latches Quad bistable latch,TI,20,
SN74LS85N,Logic Comparators 4-bit binary or BCD Magnitude Comparator,TI,35,
SN74LS86AN,Logic Gates Quad 2 Input,TI,10,
SN74LS93N,Counter ICs 4bit Binary,TI,20,
SN74LS123N,Monostable Multi-vibrator Dual Mono,TI,10,
SN74HCT125N,Buffers & Line Drivers Tri-State Quad Bus,TI,10,
SN74LS125AN,Buffers & Line Drivers Tri-State Quad Bus,TI,10,
SN74LS138N,"Encoders, Decoders, Multiplexers & Demultiplexers Line Decoder",TI,20,
SN74LS139AN,"Encoders, Decoders, Multiplexers & Demultiplexers Dual",TI,25,
SN74LS151N,"Encoders, Decoders, Multiplexers & Demultiplexers Data Selector/Mux",TI,10,
SN74LS153N,"Encoders, Decoders, Multiplexers & Demultiplexers Dual 4-to-1-Line Selector/Multiplexer",TI,20,
SN74LS157N,"Encoders, Decoders, Multiplexers & Demultiplexers Quad Data",TI,10,
SN74LS161AN,Counter ICs 4-Bit Synchronous Binary,TI,10,
SN74LS163AN,Counter ICs 4-Bit Synchronous Binary Counter,TI,10,
SN74LS164N,Counter Shift Registers 8-Bit Shift,TI,20,
SN74LS173AN,Flip-Flops 4bit w/Tri-St Out,TI,10,
SN74LS175N,Flip-Flops Quad,TI,10,
SN74LS193N,Counter ICs 4-Bit Up/Down,TI,10,
SN74LS240N,Buffers & Line Drivers Octal Buffer/Line,TI,20,
SN74LS243N,Bus Transceivers Quad bus transceiver,TI,10,
SN74LS244N,Buffers & Line Drivers Tri-State Octal,TI,20,
SN74LS245N,Bus Transceivers Octal Bus,TI,20,
SN74LS273N,Flip-Flops Octal,TI,10,
SN74LS367ADR,Buffers & Line Drivers Hex Bus Drivers With 3-State Outputs,TI,20,SMT
SN74LS367AN,Buffers & Line Drivers Hex Bus Drivers With 3-State Outputs,TI,40,
SN74LS373N,Latches Octal D-Type,TI,20,
SN74LS393N,Counter ICs Dual 4-Bit Binary,TI,10,
SN75138N,Bus Transceivers Quad Bus Transceiver,TI,14,
SX09578,Precision voice and sound synthesizer,Speakjet,2,
WP57IID,BI-POLAR RED DIFF,Kingbright,50
WP7113ED,ORANGE DIFFUSED,Kingbright,25
WP7113ND,PURE ORANGE DIFFUSED,Kingbright,25
WP1034GDT,Green Diffused 568nm 6mcd,Kingbright,20
RN60D3300FB14,1/4watt 330ohms 1% 1 00ppm,Vishay,10
MF1/4DCT52R1002F,10Kohms 1% 100PPM,KOA,100
MFR25SFRF52-4K7,4.7 kOhms Metal Film Resistors,YAEGO,100,
8801-6,"5.30 X 10 X .062 042"" Hole Diameter",Vector,4
R681-2,"RECEPTACLE 042"" Hole Diameter",Vector,2
T46-3-9/C,Terminals 100 PER PKG,Vector,10
K24A/C,"PCB PIN,PK 100,FOR .042""HOLE",Vector,1
R32/C,"Pin Sockets, PK 100",Vector,1
HW-UW-2829M,Wire Wrap Tools WRAP-UNWRAP TOOL 28-29 A,Jonard,1,
801-R28,28AWG KYNAR INSUL 100' SPOOL,Jonard,8
9976 002100,26AWG 1C PVC 100ft SPOOL RED,Belkin,1
3050/1 BK005,24AWG SOLID PVC 100ft SPOOL BLACK,Alpha Wire,1
J1-00105,PRECISION SWTCH STICK,ETI Systems,1
ABX00027,Nano 33 IoT,Arduino,4
2022053113F,20-pin flat ribbon 28 AWG - m,AWM,30
2N2222A,"BJT, TO-92, 40V, 600 mA, NPN",Diotec,100
2N7000,"MOSFET, TO-92, 60V, 0.2A, 150C, N",Diotec,100,
MAX232NE4,RS-232 Interface IC Dual EIA-232 Driver/ Receiver,TI,10